{
  "asset_type": "ParticleEmitter",
  "texture": "assets/images/explode.png",
  "config": {
    "initial": {
      "position": {
        "lo": [
          0.000000,
          0.000000
        ],
        "hi": [
          0.000000,
          0.000000
        ]
      },
      "rotation": 0.000000
    },
    "velocity": {
      "linear": {
        "angle": {
          "lo": -180.000000,
          "hi": 180.000000
        },
        "speed": {
          "lo": -200.000000,
          "hi": 200.000000
        }
      },
      "angular": {
        "lo": -360.000000,
        "hi": 360.000000
      }
    },
    "lerp": {
      "tint": {
        "lo": "#ffffffff",
        "hi": "#00000000"
      },
      "scale": {
        "lo": [
          1.000000,
          1.000000
        ],
        "hi": [
          0.700000,
          0.700000
        ]
      }
    },
    "ttl": {
      "lo": 0.200000,
      "hi": 0.800000
    },
    "quad_size": [
      150.000000,
      150.000000
    ],
    "count": 40,
    "respawn": true
  }
}