{
  "asset_type": "ParticleEmitter",
  "texture": "images/foam_bubble.png",
  "config": {
    "initial": {
      "position": {
        "lo": [
          0.000000,
          0.000000
        ],
        "hi": [
          0.000000,
          0.000000
        ]
      },
      "rotation": 0.000000
    },
    "velocity": {
      "linear": {
        "angle": {
          "lo": 85.000000,
          "hi": 95.000000
        },
        "speed": {
          "lo": -360.000000,
          "hi": -270.000000
        }
      },
      "angular": {
        "lo": -90.000000,
        "hi": 90.000000
      }
    },
    "lerp": {
      "tint": {
        "lo": "#f48018ff",
        "hi": "#00000000"
      },
      "scale": {
        "lo": [
          1.000000,
          1.000000
        ],
        "hi": [
          0.500000,
          0.500000
        ]
      }
    },
    "ttl": {
      "lo": 0.300000,
      "hi": 1.000000
    },
    "quad_size": [
      20.000000,
      20.000000
    ],
    "count": 200,
    "respawn": true
  }
}